ID,R,X,Y,Z
1,0.5,0.774286,1.36026,-4.49974
2,0.5,1.89643,-0.339307,-4.49956
3,0.5,-3.02974,0.631398,3.63425
4,0.5,2.64558,-1.45436,1.9012
5,0.5,-3.12274,1.52898,3.20317
6,0.5,1.32744,0.174834,1.41748
7,0.5,2.11437,0.189472,-1.12289
8,0.5,3.68362,0.388981,0.947479
9,0.5,-3.58633,-3.5406,-0.527549
10,0.5,3.9042,-1.12097,4.5
11,0.5,-1.4277,-0.177064,2.16002
12,0.5,3.22155,2.8603,0.2789
13,0.5,-1.55595,-3.12644,4.17065
14,0.5,-4.48756,-2.12342,-3.06126
15,0.5,-1.80814,-4.28089,-4.17504
16,0.5,-1.36874,-1.12565,3.67712
17,0.5,-2.41935,4.5,3.8798
18,0.5,2.83725,-2.40115,-1.95369
19,0.5,-0.0651531,-1.8568,1.07489
20,0.5,0.365165,-4.07564,4.5
21,0.5,-1.872,3.64886,1.86632
22,0.5,-3.53051,2.64284,-3.37927
23,0.5,2.65782,-0.134557,-3.21436
24,0.5,-0.0496658,4.37176,-2.82995
25,0.5,3.03509,-3.67963,1.3126
26,0.5,3.60489,0.200759,-1.35346
27,0.5,3.08088,3.81937,-2.3654
28,0.5,-4.01786,1.37414,2.70695
29,0.5,0.279478,-0.143478,1.33236
30,0.5,-0.718438,-0.228448,-2.9171
31,0.5,-3.6149,0.356523,0.519972
32,0.5,3.59926,0.724386,0.00918838
33,0.5,4.48477,0.674318,4.19233
34,0.5,-4.5,2.38755,-2.64529
35,0.5,2.66659,-0.174614,2.67532
36,0.5,0.614121,-2.78121,-0.115708
37,0.5,4.49995,0.0277679,-3.76185
38,0.5,-4.49901,-1.45444,-3.80794
39,0.5,-3.6396,-2.63314,0.668387
40,0.5,-3.02497,0.983007,1.02939
41,0.5,-2.95418,-4.23005,0.859554
42,0.5,1.00295,-0.359782,-2.84624
43,0.5,1.06393,0.48315,-4.11466
44,0.5,0.771751,1.63599,3.99702
45,0.5,4.5,0.0860131,-0.922609
46,0.5,-2.7284,-4.5,-4.5
47,0.5,3.41721,3.6177,-0.344098
48,0.5,4.38928,4.08613,-1.06236
49,0.5,2.36533,2.74073,0.784113
50,0.5,-3.5632,3.64257,-3.69713
51,0.5,-4.49999,-1.09088,-2.87632
52,0.5,-0.78511,-2.58091,4.5
53,0.5,-3.34187,2.08017,-1.28622
54,0.5,-2.02313,4.47911,-1.67427
55,0.5,-0.000281155,-3.27195,-0.733614
56,0.5,-0.757568,-0.519969,2.81834
57,0.5,-3.04214,-1.49355,-2.37453
58,0.5,2.79112,-3.70318,-4.49052
59,0.5,1.3249,-4.49994,1.08871
60,0.5,-2.97723,-1.93911,2.34306
61,0.5,-4.49998,2.12456,0.620711
62,0.5,0.498834,4.48875,3.68416
63,0.5,-0.205559,-2.61721,0.433162
64,0.5,-3.74753,1.47113,0.537797
65,0.5,1.35623,3.86722,3.59236
66,0.5,-2.34205,-1.35531,3.68399
67,0.5,3.51697,-2.04311,4.5
68,0.5,1.56841,0.533229,4.5
69,0.5,-0.857344,3.40679,2.80474
70,0.5,2.85494,-0.458666,-1.30072
71,0.5,-3.41844,-0.737099,0.928544
72,0.5,0.566941,1.51575,0.120504
73,0.5,-2.39426,-0.496246,-3.74769
74,0.5,-0.178567,1.10583,-3.19556
75,0.5,-1.63413,1.75889,-1.01101
76,0.5,-3.5258,3.00856,-4.48475
77,0.5,2.46314,-4.49994,1.31233
78,0.5,0.685978,0.186215,2.18547
79,0.5,3.67542,-0.604719,-0.735235
80,0.5,-3.08494,-4.25182,2.76489
81,0.5,3.72251,4.16949,3.03814
82,0.5,-2.56332,-0.147257,1.90906
83,0.5,-1.23577,1.60821,1.42818
84,0.5,2.3626,1.49532,-2.22943
85,0.5,1.65902,-3.35701,3.67115
86,0.5,0.573145,0.469438,3.58902
87,0.5,2.83649,-3.78478,-2.4871
88,0.5,-0.707108,0.283675,4.5
89,0.5,1.94584,-3.70688,2.77929
90,0.5,-0.338244,3.57133,1.00665
91,0.5,2.02588,2.82775,4.49308
92,0.5,1.32304,4.5,-3.25719
93,0.5,-4.49991,-1.00927,-0.651601
94,0.5,-4.28317,-3.11055,4.43117
95,0.5,-1.98246,1.76931,2.13998
96,0.5,-1.25472,-1.2186,2.30371
97,0.5,-0.286355,-4.21238,-0.549836
98,0.5,0.343094,2.30973,-3.13099
99,0.5,-0.779471,-1.89602,-3.72615
100,0.5,0.917725,2.97686,-3.70774
101,0.5,-3.60969,1.65026,-3.15837
102,0.5,1.42962,0.984779,3.61861
103,0.5,3.59098,0.0729063,4.49999
104,0.5,-1.95077,-4.5,-2.11911
105,0.5,-2.93659,-3.27334,0.290984
106,0.5,4.49842,-2.08814,1.08873
107,0.5,2.83508,2.17559,-2.97289
108,0.5,3.1905,0.655724,-3.65083
109,0.5,-3.27524,-2.26888,4.48588
110,0.5,-1.25641,-1.42837,-1.61728
111,0.5,2.62391,1.50229,-3.68218
112,0.5,3.98594,-0.986753,3.51243
113,0.5,0.508614,-0.961449,-1.02713
114,0.5,4.5,-1.83544,-3.49374
115,0.5,-1.15265,4.49976,-2.52616
116,0.5,0.411095,-3.75441,-1.55586
117,0.5,-0.523335,0.83385,-2.07921
118,0.5,1.85406,4.16068,-2.3226
119,0.5,-2.26944,-1.93032,4.49916
120,0.5,4.5,2.40426,1.60857
121,0.5,1.58118,4.49918,-0.0681896
122,0.5,2.76771,-1.02092,1.00828
123,0.5,1.51296,2.65691,-4.5
124,0.5,-1.28924,0.120025,-0.354269
125,0.5,-3.75848,-3.65095,0.718246
126,0.5,3.64582,3.73424,-3.57386
127,0.5,-4.49997,-0.465852,-3.65696
128,0.5,2.03507,4.13911,4.33778
129,0.5,2.8544,-0.0889485,0.64851
130,0.5,0.581925,0.457914,-3.23883
131,0.5,0.824342,-4.5,-1.03305
132,0.5,-0.628528,-2.55544,-1.09342
133,0.5,-3.91938,1.15435,3.67762
134,0.5,3.74204,-4.49643,-3.23295
135,0.5,-4.49942,-4.49961,-3.66638
136,0.5,-4.49562,-2.1412,1.43786
137,0.5,-2.05236,0.253288,-3.17608
138,0.5,1.20733,0.756826,-1.14227
139,0.5,-1.08095,-1.90492,-0.480894
140,0.5,1.36542,3.79451,-0.755808
141,0.5,-0.0825322,2.65658,3.42918
142,0.5,3.61582,-2.70236,2.83264
143,0.5,2.73306,1.24012,3.55389
144,0.5,2.7246,-3.36518,-1.5863
145,0.5,-4.04402,0.353948,-3.31002
146,0.5,0.422854,1.14708,2.29539
147,0.5,-3.63419,-2.56383,1.77887
148,0.5,-0.486896,3.93342,-2.03991
149,0.5,-2.52607,-4.49948,-3.03077
150,0.5,2.20246,-3.49199,4.49999
151,0.5,-1.38467,-2.69402,-3.72174
152,0.5,2.25081,4.5,-0.825679
153,0.5,2.58609,-0.162423,-2.2173
154,0.5,2.62754,4.49876,-1.78515
155,0.5,-0.434735,-1.2692,-0.90312
156,0.5,-0.327432,2.90804,-0.542322
157,0.5,2.50537,4.49915,3.5079
158,0.5,2.90635,4.5,2.56417
159,0.5,4.49792,-2.85623,1.79719
160,0.5,1.6956,-1.90832,-2.16582
161,0.5,-1.37109,1.84382,2.92808
162,0.5,-4.5,0.921507,4.45815
163,0.5,-4.49939,0.560775,2.36614
164,0.5,4.49991,4.49996,-2.29512
165,0.5,3.1174,0.171487,1.74258
166,0.5,3.05278,-4.30836,2.09878
167,0.5,-0.536907,0.747022,3.63032
168,0.5,-0.333388,3.66424,-4.00528
169,0.5,0.755999,-0.895716,0.8771
170,0.5,-1.37254,0.85727,3.09216
171,0.5,1.16437,-3.21132,-4.5
172,0.5,-2.85906,4.4997,-3.33615
173,0.5,-4.49992,3.0401,0.218366
174,0.5,4.21212,2.51532,-2.35628
175,0.5,0.764301,-0.823297,-1.98398
176,0.5,-4.5,-2.05833,4.49998
177,0.5,-1.59335,0.107653,1.21569
178,0.5,1.72887,-4.48532,-3.55424
179,0.5,-0.714514,1.98643,-0.513955
180,0.5,-3.58198,-0.243892,4.49946
181,0.5,1.63473,0.977653,-3.45906
182,0.5,-1.75848,-3.36623,-1.70345
183,0.5,-0.703256,-3.66056,4.49883
184,0.5,-2.70728,-3.21381,-1.42622
185,0.5,-2.51702,4.49707,0.0969649
186,0.5,1.85846,-0.614424,0.917688
187,0.5,3.03159,-1.80038,-4.49998
188,0.5,3.60717,1.76692,-0.0596963
189,0.5,2.70011,-3.17336,0.517923
190,0.5,-0.000517339,2.83419,1.94612
191,0.5,-2.11734,0.358463,2.64839
192,0.5,0.61677,-1.06154,3.91006
193,0.5,-2.03398,0.951469,0.89907
194,0.5,0.816688,-4.5,-3.14384
195,0.5,-2.15382,-3.8576,4.49998
196,0.5,3.97914,2.67482,4.4892
197,0.5,-4.47944,2.58644,-4.49847
198,0.5,0.00668231,4.0398,1.99982
199,0.5,2.20038,-1.97368,-1.30497
200,0.5,4.49581,3.53245,4.49644
201,0.5,1.65647,-1.81247,-3.50091
202,0.5,-2.22082,1.20554,3.49147
203,0.5,-2.87186,-2.27624,-2.9753
204,0.5,3.31902,-0.766185,2.20063
205,0.5,2.68965,-1.28737,-1.84613
206,0.5,0.879126,2.82351,3.08833
207,0.5,-3.80052,-1.61866,3.93646
208,0.5,-3.22492,0.250755,-4.49998
209,0.5,3.09191,2.83009,-2.02822
210,0.5,4.45615,0.174647,-1.91888
211,0.5,0.745539,1.43181,-3.39619
212,0.5,-0.887313,-4.49983,-4.499
213,0.5,-1.86643,-0.685084,-2.88464
214,0.5,2.6866,1.20671,1.65677
215,0.5,-3.79639,2.79352,2.04751
216,0.5,-2.13502,-1.20536,-2.0396
217,0.5,0.187533,-0.100776,0.337434
218,0.5,-2.43757,3.60766,-3.50233
219,0.5,-2.93611,2.70674,-1.95184
220,0.5,-3.42027,0.303645,2.15911
221,0.5,2.08124,2.68294,-3.61795
222,0.5,1.82589,2.9563,3.49882
223,0.5,2.32126,2.1044,3.84291
224,0.5,-0.16725,-3.69977,-2.36988
225,0.5,-3.8149,-2.91221,-3.02703
226,0.5,0.86451,-1.7898,1.43809
227,0.5,4.48606,-0.267852,1.90452
228,0.5,4.49974,4.1205,-3.22079
229,0.5,-3.85477,-0.523849,1.80316
230,0.5,-2.12901,-3.58888,2.39268
231,0.5,-2.16538,2.73582,0.191437
232,0.5,3.28675,3.04876,1.30833
233,0.5,-2.43962,3.53947,-4.5
234,0.5,-4.5,1.59518,-2.01932
235,0.5,1.3549,-4.00871,4.37282
236,0.5,1.03631,2.218,-2.41611
237,0.5,-1.98234,-3.60816,1.35416
238,0.5,-3.87771,-4.49994,-0.590477
239,0.5,3.04624,4.5,-3.82555
240,0.5,2.65661,3.51088,3.54813
241,0.5,2.94574,2.09924,1.28575
242,0.5,0.967899,-2.63206,3.6214
243,0.5,2.17819,0.439917,2.04877
244,0.5,-1.3255,-4.49521,4.49956
245,0.5,4.49902,-0.387062,-2.76483
246,0.5,2.54849,1.87159,-0.696207
247,0.5,-3.48514,1.5583,-0.424995
248,0.5,0.487009,-0.479865,2.9048
249,0.5,-2.12215,-4.13955,0.202976
250,0.5,-4.5,3.08541,-0.782167
251,0.5,1.86771,4.49342,1.88715
252,0.5,-4.49999,3.44889,-1.87412
253,0.5,-3.70944,1.9382,-4.49906
254,0.5,-1.8381,3.5957,2.86434
255,0.5,1.885,1.35425,0.121528
256,0.5,3.70205,-3.66196,-2.00153
257,0.5,-3.07135,0.205145,-3.51287
258,0.5,-2.89595,-1.08369,1.79013
259,0.5,2.47526,0.00136053,4.49952
260,0.5,2.95595,-0.911966,0.0322194
261,0.5,1.37777,-2.29408,-0.618516
262,0.5,1.50333,1.8795,-3.87108
263,0.5,-1.1599,-3.57399,0.726552
264,0.5,-3.00608,-0.748834,-4.49981
265,0.5,-3.01181,3.75546,0.550223
266,0.5,-3.44914,4.49954,-0.386328
267,0.5,0.183768,1.32645,3.24968
268,0.5,-2.74071,1.82375,1.4902
269,0.5,-1.04158,1.04866,-0.630771
270,0.5,1.59866,3.28284,0.256033
271,0.5,-2.68361,2.08075,4.11469
272,0.5,-1.95045,-3.17366,0.00911319
273,0.5,-0.239765,-0.914101,0.78589
274,0.5,-0.0510318,1.17984,-0.590594
275,0.5,-2.73323,-1.40775,-3.5144
276,0.5,2.05346,-2.90632,-2.32696
277,0.5,3.71513,0.717296,-4.49998
278,0.5,0.218679,-2.88588,-4.49991
279,0.5,4.0174,2.30953,2.90744
280,0.5,-1.01982,-3.58688,1.74139
281,0.5,-4.46273,0.609432,-4.48752
282,0.5,3.91108,-1.09546,-3.16873
283,0.5,0.127678,3.37751,-1.47988
284,0.5,3.28228,-3.45874,4.49847
285,0.5,0.184345,-1.09335,1.67359
286,0.5,2.27663,1.96295,-4.49998
287,0.5,-0.0718287,-2.71621,-2.52425
288,0.5,0.22327,-2.77211,-1.57039
289,0.5,-0.789239,2.98203,-1.42622
290,0.5,4.49418,-2.06697,-4.49565
291,0.5,2.92334,2.73096,-1.04415
292,0.5,-4.49999,-0.363306,3.00741
293,0.5,4.5,0.63445,1.47025
294,0.5,2.11206,-0.386532,-0.0774828
295,0.5,-3.69424,2.4368,3.11601
296,0.5,-2.85218,1.9895,-3.71624
297,0.5,4.5,4.5,3.57319
298,0.5,4.49747,3.91445,1.6206
299,0.5,-4.49993,-1.1806,0.333671
300,0.5,-3.11464,1.28621,-1.88157
301,0.5,2.54794,3.59918,0.240096
302,0.5,2.90136,3.3246,4.49995
303,0.5,-2.08898,2.61975,-1.2391
304,0.5,-1.60728,2.62392,1.4605
305,0.5,-1.12455,0.905957,-2.93938
306,0.5,2.95333,-2.75791,-4.20351
307,0.5,-2.79398,-2.29501,-3.97269
308,0.5,-1.96982,-1.69322,2.81905
309,0.5,-2.59302,-3.7079,3.61358
310,0.5,3.53351,-4.49843,3.22159
311,0.5,-1.04534,4.47131,4.07076
312,0.5,0.715819,-3.30683,-2.7014
313,0.5,3.93168,2.76492,-0.451036
314,0.5,1.9281,-0.739759,-2.89475
315,0.5,2.85688,-2.35574,2.27958
316,0.5,3.85956,-3.70234,0.505279
317,0.5,3.30357,-3.19479,-0.279258
318,0.5,2.15076,-1.03134,2.66126
319,0.5,0.944626,-2.31344,-4.11741
320,0.5,-2.16712,-1.95038,1.75609
321,0.5,-3.65824,-1.55014,-3.16038
322,0.5,-4.49964,3.91346,-3.46902
323,0.5,4.49519,-1.25088,1.6931
324,0.5,-0.261342,-3.65764,3.29671
325,0.5,3.43414,0.662162,-2.68097
326,0.5,-2.90244,0.892522,0.0410556
327,0.5,2.06646,1.24209,-1.30561
328,0.5,0.0899484,-0.449597,4.5
329,0.5,3.93919,-2.64354,3.78379
330,0.5,4.4977,0.758592,-2.73763
331,0.5,-1.99792,-4.5,3.74961
332,0.5,-0.530801,-0.92371,-3.62658
333,0.5,3.68496,1.08643,-1.81081
334,0.5,-3.81494,0.362276,3.07607
335,0.5,3.20049,1.57568,-4.49986
336,0.5,2.73319,0.949048,0.486579
337,0.5,2.59476,-3.30919,2.13046
338,0.5,3.14541,-2.68749,-2.86131
339,0.5,1.72567,-0.0186117,-3.5575
340,0.5,0.293356,-1.02857,-0.0523733
341,0.5,0.0848726,1.58094,-2.35396
342,0.5,3.69865,0.100361,2.55327
343,0.5,2.52334,-1.78923,-2.71414
344,0.5,1.56315,3.65565,-4.5
345,0.5,1.89325,2.63141,-1.09506
346,0.5,0.215991,0.679706,4.49959
347,0.5,1.43673,-2.84621,2.76372
348,0.5,2.47315,3.62578,1.23694
349,0.5,-1.57246,-2.75803,1.82862
350,0.5,-0.694019,-4.5,0.317058
351,0.5,-1.54423,-2.87976,-0.856118
352,0.5,3.99332,-4.43685,-4.26163
353,0.5,-1.85777,3.95225,4.49999
354,0.5,3.00394,-4.49999,-3.9136
355,0.5,-2.86215,-2.92521,1.22606
356,0.5,-4.49995,0.491774,-1.01603
357,0.5,-1.86075,2.62954,4.5
358,0.5,-2.26778,3.27722,1.02594
359,0.5,1.48882,3.80094,1.21689
360,0.5,3.13482,-1.8009,-3.50532
361,0.5,3.52945,3.95398,0.685327
362,0.5,3.68403,1.03802,3.31956
363,0.5,-4.49982,3.50504,1.98101
364,0.5,-4.45325,2.07342,-1.0267
365,0.5,-0.0839999,-3.34552,-3.30134
366,0.5,-1.00738,3.00591,-2.40254
367,0.5,1.36868,-1.72016,3.95034
368,0.5,-0.648686,1.74385,3.61466
369,0.5,-4.5,-2.65256,3.36662
370,0.5,4.49987,3.17172,-1.54246
371,0.5,3.44734,1.95245,3.6483
372,0.5,-3.65837,0.484683,-0.471043
373,0.5,4.49997,-1.86353,-1.39364
374,0.5,2.73341,2.71622,2.07211
375,0.5,-4.49275,-4.13854,3.96323
376,0.5,4.49996,-0.247534,0.904818
377,0.5,-0.058882,4.49425,-4.49529
378,0.5,-2.04779,2.90592,3.55733
379,0.5,-4.49999,0.100488,-0.0913838
380,0.5,-1.15401,-3.98162,3.61133
381,0.5,-0.926642,-0.691929,4.49745
382,0.5,-2.58252,1.46661,-0.885241
383,0.5,2.67008,2.63177,3.06699
384,0.5,-4.49929,1.21702,-0.323246
385,0.5,2.52772,3.11576,-2.81586
386,0.5,3.02318,0.836551,2.59658
387,0.5,-4.02681,4.45678,0.429287
388,0.5,3.67568,-2.77785,0.849991
389,0.5,3.02323,-0.728299,3.43251
390,0.5,-4.49996,-2.87074,-1.31063
391,0.5,0.661619,4.49997,-0.852159
392,0.5,-3.38443,-1.53539,-1.4356
393,0.5,-1.66629,1.54697,-3.4932
394,0.5,0.769484,-3.67401,-3.70593
395,0.5,1.13277,-2.71421,-1.98205
396,0.5,-1.9265,-0.952172,4.49983
397,0.5,-4.5,2.98029,4.10096
398,0.5,-3.04726,-1.27603,4.49964
399,0.5,-0.183011,-1.11826,-1.85909
400,0.5,-4.49958,-2.17511,0.438389
401,0.5,3.52653,3.84663,1.86161
402,0.5,-0.286534,-1.34946,2.51781
403,0.5,-2.6831,0.133975,-2.2812
404,0.5,3.1892,3.63597,-1.37797
405,0.5,-0.886339,-3.36345,-0.27862
406,0.5,-1.98899,-0.109219,0.323234
407,0.5,0.0755035,-2.41449,-3.62961
408,0.5,-0.762044,-3.6455,-1.26876
409,0.5,-0.782159,0.875977,2.2831
410,0.5,-0.824005,-1.65985,0.454072
411,0.5,-3.63163,-3.24029,-1.80692
412,0.5,-0.97713,4.21852,2.02106
413,0.5,-1.88289,4.49999,-0.676452
414,0.5,-3.00139,-4.49996,-0.108651
415,0.5,-0.24542,2.53676,0.382574
416,0.5,0.88933,-3.10314,4.5
417,0.5,-1.19194,-0.142237,3.63633
418,0.5,1.92094,-3.60554,-3.02974
419,0.5,1.66884,-4.49994,-1.56914
420,0.5,4.49997,0.28688,0.0576507
421,0.5,2.9513,0.264576,3.52751
422,0.5,-3.75096,2.47577,-0.12899
423,0.5,-3.3367,-4.5,1.81584
424,0.5,-0.473065,0.313656,-1.00035
425,0.5,-2.8657,-0.647441,-2.87796
426,0.5,0.813392,-4.49994,1.94881
427,0.5,2.89225,-0.247956,-4.49951
428,0.5,-3.58345,2.9537,4.5
429,0.5,-0.506532,3.8453,-0.841453
430,0.5,-0.948632,2.87622,-4.49981
431,0.5,-2.33051,2.1109,3.01861
432,0.5,4.48673,0.712657,2.74254
433,0.5,4.27442,-4.4884,4.48946
434,0.5,1.95802,1.60227,3.03595
435,0.5,-0.170724,0.836495,0.341251
436,0.5,-4.15184,3.92503,4.49395
437,0.5,-1.95417,-2.42595,-4.49999
438,0.5,-4.29703,2.92155,1.19074
439,0.5,0.580884,-3.83898,1.2353
440,0.5,0.687384,-3.84665,-0.288475
441,0.5,0.454758,0.122853,-1.32094
442,0.5,1.02106,1.81905,1.85785
443,0.5,-4.49973,-3.76761,-0.867681
444,0.5,4.49989,-0.874382,-1.23315
445,0.5,3.77256,2.93135,-4.5
446,0.5,4.05572,-1.10584,-2.1007
447,0.5,0.0790711,4.08659,4.49997
448,0.5,1.18727,-0.274237,-0.76794
449,0.5,0.725556,2.49626,-1.43978
450,0.5,-4.49997,-2.00007,-0.817314
451,0.5,2.77794,1.81198,2.50326
452,0.5,3.87456,2.95726,2.15906
453,0.5,0.460224,3.36709,3.8943
454,0.5,-3.03429,0.910292,-2.80475
455,0.5,-0.328562,3.90784,3.60197
456,0.5,-4.49991,-1.13026,1.33335
457,0.5,-3.70481,2.09946,1.33095
458,0.5,-0.533931,1.64135,-1.43978
459,0.5,-0.0554622,0.435926,2.81063
460,0.5,-1.93996,-2.7181,0.899385
461,0.5,2.90397,4.49997,-0.00863036
462,0.5,-0.978684,-2.44103,-2.84357
463,0.5,2.66671,0.726626,-4.49998
464,0.5,-3.62438,-1.6292,0.513446
465,0.5,-3.64103,2.05714,-2.24016
466,0.5,-0.308608,3.1586,4.49952
467,0.5,3.89316,-0.267701,-4.4999
468,0.5,-1.04898,-1.25608,-2.80582
469,0.5,-2.93787,-1.12755,-0.0467015
470,0.5,-3.55323,-2.34424,-2.24651
471,0.5,0.888238,-1.22472,2.37165
472,0.5,3.58585,-0.233655,-2.25508
473,0.5,1.31174,-1.51684,-1.24485
474,0.5,-1.18907,-2.57357,0.254786
475,0.5,0.19947,-3.8857,-4.49996
476,0.5,3.04054,1.81062,-1.56528
477,0.5,0.512825,-1.83178,-1.761
478,0.5,-1.69777,0.845994,1.88209
479,0.5,1.87931,3.21657,1.92969
480,0.5,-4.49998,4.49472,1.30965
481,0.5,-2.71063,2.78229,1.77358
482,0.5,-1.92432,-1.75888,0.616921
483,0.5,-2.42328,-2.72701,3.51841
484,0.5,2.21735,-1.73914,4.5
485,0.5,3.8,-2.54118,-3.60305
486,0.5,0.563533,2.33791,-4.5
487,0.5,0.0461648,3.2784,-3.13213
488,0.5,-0.70426,1.66193,0.559356
489,0.5,-1.53342,-1.22889,-3.68083
490,0.5,2.08299,4.4984,-4.35755
491,0.5,-2.81463,-2.18405,0.321034
492,0.5,4.47788,1.24253,-0.243622
493,0.5,-1.53627,3.40523,-3.88534
494,0.5,-4.49998,-3.44598,0.0792201
495,0.5,-3.94439,3.88511,-1.01404
496,0.5,-0.401094,0.745976,1.34317
497,0.5,3.01069,-2.97301,3.61218
498,0.5,2.31798,3.5025,-0.84775
499,0.5,-4.49947,-3.17659,-4.49727
500,0.5,4.47055,-4.33918,-2.34246
501,0.5,-1.62981,-3.92341,-0.644307
502,0.5,-2.03484,1.17751,-2.62657
503,0.5,2.99136,-2.3526,-0.823191
504,0.5,2.68482,1.93021,0.292963
505,0.5,1.07101,2.58915,4.0432
506,0.5,4.48601,1.77895,4.49184
507,0.5,1.53617,2.29138,0.139284
508,0.5,3.42409,1.28864,4.4675
509,0.5,-0.858241,-3.02301,2.55294
510,0.5,-0.46116,-0.440484,-0.343706
511,0.5,3.63124,-4.5,-1.45407
512,0.5,-1.08537,4.5,-1.32757
513,0.5,-2.92213,4.49328,-1.23644
514,0.5,1.37802,-4.49994,3.00163
515,0.5,1.85637,-1.37521,-4.49915
516,0.5,2.30398,-2.48141,3.10331
517,0.5,-0.886307,4.49755,0.747701
518,0.5,-0.312932,1.62509,1.81548
519,0.5,-1.96076,-2.68108,-2.89719
520,0.5,0.660795,3.59744,0.425192
521,0.5,-2.15515,-0.314505,-0.641267
522,0.5,-1.27447,-4.498,-1.38227
523,0.5,-0.923236,-4.01741,2.63879
524,0.5,-2.63631,0.276262,4.49888
525,0.5,1.13812,3.74884,2.33875
526,0.5,4.49674,3.71414,-4.16557
527,0.5,0.604368,3.11463,-2.31873
528,0.5,-1.50685,-4.49931,0.904578
529,0.5,-2.70722,3.43068,-0.396857
530,0.5,4.49681,-0.322414,4.32371
531,0.5,-3.60077,1.22619,1.8101
532,0.5,4.49997,1.08049,-1.23106
533,0.5,4.49984,-2.59713,-0.714036
534,0.5,-3.06088,-1.97233,3.3637
535,0.5,3.65599,-3.45175,-3.99063
536,0.5,-1.67475,4.23393,-3.33657
537,0.5,-4.17419,-4.48909,1.25556
538,0.5,-2.64596,3.01894,2.74303
539,0.5,3.75635,1.92017,-3.74294
540,0.5,-0.10152,-0.665468,-4.49915
541,0.5,3.19927,-3.6144,2.86821
542,0.5,4.49986,2.8141,3.64104
543,0.5,-2.35382,-1.51137,-4.434
544,0.5,-0.903562,3.24279,1.81348
545,0.5,-1.28638,-0.745375,-0.885402
546,0.5,0.870229,4.06541,-2.47852
547,0.5,-3.20133,-4.49869,4.49302
548,0.5,2.98723,-1.54522,2.85683
549,0.5,1.31699,-2.89668,-3.39512
550,0.5,-4.00217,-3.63678,-3.75815
551,0.5,-0.663561,-3.62637,-4.06643
552,0.5,-2.00117,1.94944,0.828889
553,0.5,1.31838,3.28634,-1.61599
554,0.5,0.598043,-1.79111,3.22639
555,0.5,1.67106,1.13113,1.53393
556,0.5,-2.1409,0.173135,3.6308
557,0.5,-4.49999,0.816345,0.610631
558,0.5,1.07017,2.83063,-0.562279
559,0.5,-3.31433,-3.49007,4.49989
560,0.5,1.91586,-3.4602,-0.125268
561,0.5,-1.39777,1.26704,-1.86079
562,0.5,4.45253,-3.3887,4.42542
563,0.5,3.83565,-3.63397,3.67357
564,0.5,3.82801,2.33012,0.871727
565,0.5,1.4957,2.58762,1.25348
566,0.5,0.601679,0.449904,-0.387301
567,0.5,-1.97873,-1.68118,-2.90778
568,0.5,1.5615,4.5,2.84573
569,0.5,-3.5173,-0.681733,-3.63581
570,0.5,-2.73359,0.473781,-0.8514
571,0.5,4.5,-0.389227,2.89703
572,0.5,-4.49998,1.20668,-3.05504
573,0.5,1.78642,2.49238,2.61367
574,0.5,1.29763,-4.05776,-2.38676
575,0.5,0.612543,-1.89116,0.34026
576,0.5,3.27194,3.79702,-4.5
577,0.5,-2.68316,3.54857,-1.4672
578,0.5,0.1492,-0.875715,-2.7707
579,0.5,0.215701,2.29853,4.49994
580,0.5,3.74147,-0.335069,0.25742
581,0.5,2.66189,-4.49671,-1.70151
582,0.5,1.96966,-2.38253,-4.47845
583,0.5,-4.49984,-2.79127,-2.3079
584,0.5,-0.866556,1.83216,-4.49998
585,0.5,-3.75163,2.07042,4.06174
586,0.5,-2.25871,-4.49998,-1.16647
587,0.5,-2.17204,0.232362,-4.43039
588,0.5,-4.49312,-1.7136,-1.79519
589,0.5,-0.978884,4.4986,-0.248712
590,0.5,3.68922,-3.5242,-2.99233
591,0.5,1.90633,-2.15092,2.04579
592,0.5,-3.64123,3.95327,-1.96467
593,0.5,-1.19932,-0.744976,0.303336
594,0.5,4.4508,-2.85439,-2.87932
595,0.5,4.49993,-3.18514,-1.63213
596,0.5,-0.0906826,0.823256,-4.49426
597,0.5,2.092,1.99884,1.79934
598,0.5,4.2452,-3.51085,-0.397282
599,0.5,4.4998,-3.12966,3.11271
600,0.5,1.55143,-1.84615,2.92969
601,0.5,1.50703,-1.4952,0.600297
602,0.5,-2.7628,0.0215327,0.943461
603,0.5,1.44274,4.5,-1.47661
604,0.5,-0.164408,2.68308,-3.90756
605,0.5,-2.97393,-3.92604,-3.71866
606,0.5,0.084973,2.08789,2.60783
607,0.5,-0.419477,-4.26479,1.25031
608,0.5,4.49999,1.83419,-3.07984
609,0.5,-0.418374,4.5,2.80117
610,0.5,-2.59775,-3.68935,-0.553089
611,0.5,2.40555,-0.936772,-3.78349
612,0.5,1.75577,0.248327,-2.59419
613,0.5,1.69042,3.60474,-3.50938
614,0.5,4.5,1.60571,3.42883
615,0.5,1.17013,-0.253565,0.23171
616,0.5,2.18189,-1.2265,3.64212
617,0.5,-1.07653,-3.49532,-3.12133
618,0.5,-0.170661,-4.5,2.19064
619,0.5,-2.7588,2.386,-0.533465
620,0.5,0.695917,-3.62613,3.66986
621,0.5,3.12044,2.691,-3.78096
622,0.5,-1.51206,-3.32294,-4.5
623,0.5,-0.945878,-1.27305,-4.49904
624,0.5,-2.65658,2.82819,-2.9152
625,0.5,-3.73045,-1.38825,2.9048
626,0.5,-0.117474,-3.67547,0.279912
627,0.5,0.574573,4.5,2.68255
628,0.5,-0.766132,4.49976,-3.66468
629,0.5,-1.41835,3.67355,-1.78173
630,0.5,0.00797669,-4.49997,-3.73418
631,0.5,-0.817685,2.35916,2.27373
632,0.5,-2.95364,-0.690856,-1.78385
633,0.5,3.83767,-1.8508,-0.634142
634,0.5,0.350918,1.12488,-1.50468
635,0.5,-1.76795,-0.703394,-4.49994
636,0.5,2.15102,0.615221,3.03291
637,0.5,2.78607,0.664733,-1.69147
638,0.5,-3.19245,-4.14113,-1.22439
639,0.5,1.10081,-3.39784,0.50377
640,0.5,-2.57975,-1.15405,-0.980263
641,0.5,3.61078,3.81081,3.98776
642,0.5,4.49999,1.63956,2.34295
643,0.5,-2.76108,1.86333,-2.67407
644,0.5,-2.47597,-2.91063,4.5
645,0.5,-1.58117,-2.26528,-2.06491
646,0.5,0.74045,-1.41215,-4.49996
647,0.5,-0.213866,-1.79895,-2.8965
648,0.5,-1.41307,4.5,2.90408
649,0.5,-4.5,-2.17656,-4.49971
650,0.5,0.722532,2.61855,0.620029
651,0.5,0.285283,2.12188,-0.623668
652,0.5,-2.97842,-3.25034,2.81175
653,0.5,-4.31079,-0.303196,0.803784
654,0.5,-2.26022,-2.60825,2.53896
655,0.5,-2.25391,1.80908,-1.80137
656,0.5,3.88154,-2.0662,1.88788
657,0.5,4.49971,-2.23944,2.65475
658,0.5,-1.9284,-0.87486,1.64756
659,0.5,-3.13143,3.70781,-2.78921
660,0.5,-0.801502,-2.71777,3.5041
661,0.5,-1.54593,-4.49841,-3.23486
662,0.5,1.83548,-0.775855,4.49703
663,0.5,2.31643,4.49993,-3.14186
664,0.5,-4.49991,-2.09746,2.43754
665,0.5,-0.600229,2.16417,-2.79181
666,0.5,-1.67097,0.0146613,4.5
667,0.5,-1.35905,2.26582,-1.82928
668,0.5,-2.58481,-2.38725,-1.99787
669,0.5,0.805955,-3.11256,1.89012
670,0.5,4.05746,3.60385,-2.33266
671,0.5,-1.68676,4.5,1.37515
672,0.5,2.32145,-2.47625,-0.090886
673,0.5,-4.06282,-4.49993,-2.33635
674,0.5,2.56672,-4.49999,2.95146
675,0.5,-2.87076,-4.10973,-2.17586
676,0.5,-1.82806,3.75983,0.0855904
677,0.5,-0.860817,-2.11979,2.12271
678,0.5,-0.245796,-3.27815,1.18861
679,0.5,-1.61689,0.337857,-2.27969
680,0.5,-1.84094,3.52348,-0.887922
681,0.5,-2.61068,3.29408,4.5
682,0.5,2.96361,-1.3526,-0.865512
683,0.5,-1.06829,2.33471,-3.65928
684,0.5,-3.22256,3.61117,1.9999
685,0.5,-4.49994,-3.62907,-2.88427
686,0.5,2.36244,2.72872,-0.215856
687,0.5,3.41164,1.1919,-0.854672
688,0.5,-1.92953,-1.19538,-0.211931
689,0.5,-0.118165,2.48509,-1.97654
690,0.5,-3.57353,-2.47834,-1.16135
691,0.5,-2.92292,-0.105833,-0.0353853
692,0.5,-1.99398,2.95618,-2.17617
693,0.5,4.49808,3.55674,-0.186361
694,0.5,2.15605,-4.49992,-2.64902
695,0.5,1.16389,-0.228635,3.99364
696,0.5,-4.37723,4.22529,2.66598
697,0.5,-1.17607,-1.66042,4.49999
698,0.5,-0.0215155,-3.03914,4.04507
699,0.5,-3.24953,2.00358,2.33207
700,0.5,0.389924,0.46752,-2.25747
701,0.5,3.65074,1.01303,1.83827
702,0.5,-0.544478,-2.04603,-1.95183
703,0.5,3.51431,-1.8012,-2.58005
704,0.5,3.03008,-3.96902,-0.850034
705,0.5,1.85443,1.98159,-2.94031
706,0.5,-4.11378,0.434971,1.45062
707,0.5,-4.49992,4.49996,-0.452389
708,0.5,-4.5,-3.73256,-1.86728
709,0.5,1.94141,-4.49995,2.17008
710,0.5,0.880808,4.49944,1.72136
711,0.5,0.988051,2.79173,2.09094
712,0.5,-0.851328,3.37316,0.17126
713,0.5,3.52929,1.37675,0.914713
714,0.5,1.96669,-3.77724,0.830227
715,0.5,0.969951,4.5,0.724867
716,0.5,-1.08158,2.63478,3.46778
717,0.5,1.55978,-2.74222,1.31752
718,0.5,1.6393,-3.50123,-1.62939
719,0.5,2.81704,-3.62129,-3.47346
720,0.5,-0.724939,0.0279205,0.726227
721,0.5,4.06812,-3.64761,2.3738
722,0.5,-2.26395,0.805106,-1.66973
723,0.5,0.296416,4.4998,-1.78338
724,0.5,-2.87647,1.36889,-4.5
725,0.5,-2.823,-0.505863,3.9024
726,0.5,-3.76533,-1.57477,1.84668
727,0.5,-1.3958,-4.5,1.89907
728,0.5,-3.51492,0.754207,4.5
729,0.5,4.0045,-4.49997,1.85435
730,0.5,0.502004,4.03772,-3.59666
731,0.5,0.468146,-3.07166,2.8692
732,0.5,-2.49067,-3.52867,-4.49999
733,0.5,-3.42427,4.49977,-4.19305
734,0.5,1.35295,-0.0451439,-1.72721
735,0.5,0.182574,1.85695,0.978374
736,0.5,3.0309,-0.925401,-2.7203
737,0.5,-2.73836,3.96667,3.09634
738,0.5,2.4108,1.2013,4.4999
739,0.5,4.49994,-3.86431,1.25767
740,0.5,-3.86073,-0.977803,-2.11551
741,0.5,-0.160717,-2.29603,2.81481
742,0.5,4.5,2.56492,-3.91984
743,0.5,-2.08855,3.90159,-2.4882
744,0.5,-4.35993,4.07592,-4.47206
745,0.5,4.49991,-1.1885,-0.281875
746,0.5,2.83831,-3.94952,3.74163
747,0.5,-4.46177,4.49278,3.66032
748,0.5,-2.03999,2.57099,-3.66101
749,0.5,4.40607,1.03655,-3.73059
750,0.5,-0.594661,-4.41594,-2.93605
751,0.5,-2.40972,-0.898179,0.77118
752,0.5,-0.955123,0.215324,-4.5
753,0.5,2.01389,-3.3104,-3.98181
754,0.5,-1.12467,-3.94477,-2.21695
755,0.5,4.49992,3.62715,2.69383
756,0.5,0.0466995,4.49595,1.11039
757,0.5,-4.49969,-3.04179,1.0022
758,0.5,-3.31819,-3.50416,1.90512
759,0.5,-0.8862,-2.98453,-2.00923
760,0.5,-3.59343,-1.74575,-0.480373
761,0.5,3.05094,2.29615,4.49987
762,0.5,-1.98988,-3.64688,-2.63937
763,0.5,4.48981,3.15369,0.812287
764,0.5,1.2185,1.72346,-0.623974
765,0.5,-2.01623,-3.46365,-3.62209
766,0.5,-0.884842,3.64197,-3.16446
767,0.5,0.41513,-4.5,-2.22666
768,0.5,-1.42163,0.411355,-1.30169
769,0.5,-1.3007,-1.60883,1.38413
770,0.5,0.411288,-4.49993,0.503584
771,0.5,4.49976,2.17082,0.144034
772,0.5,1.03949,0.708089,0.473932
773,0.5,2.34425,-2.53599,-3.44031
774,0.5,0.611684,-2.65773,1.00968
775,0.5,-1.43577,0.905332,4.10673
776,0.5,-1.20597,0.82162,0.35344
777,0.5,4.49299,-1.02581,-4.162
778,0.5,0.524621,3.45853,-4.49957
779,0.5,-4.49998,3.15704,3.11671
780,0.5,4.49999,-3.2824,-4.49994
781,0.5,-1.61509,-2.20024,3.78174
782,0.5,4.12351,4.49999,4.49979
783,0.5,-0.138275,-2.05991,3.87932
784,0.5,-0.845573,-2.47777,1.18904
785,0.5,4.49817,-3.77975,-3.56128
786,0.5,0.499736,-4.06842,2.79463
787,0.5,3.52161,-1.77445,-1.5804
788,0.5,-1.89057,-0.571917,2.96948
789,0.5,2.09046,-2.90717,-0.963213
790,0.5,-2.87787,1.92674,0.346974
791,0.5,-1.9722,0.849959,-0.323403
792,0.5,3.56122,4.4993,-2.93496
793,0.5,-3.82224,4.44841,-2.81821
794,0.5,-3.32262,-0.3521,-0.918332
795,0.5,1.20276,1.63577,-1.62031
796,0.5,-0.0176662,1.69554,-3.98907
797,0.5,-1.01206,-1.83702,3.07022
798,0.5,0.900107,-0.424975,-4.5
799,0.5,4.5,1.58483,-2.10631
800,0.5,3.35855,-4.5,0.841038
801,0.5,3.50703,-2.99324,1.86597
802,0.5,3.1633,3.41657,2.69117
803,0.5,0.642277,-2.13405,4.5
804,0.5,4.49984,2.03941,-0.848092
805,0.5,-4.48562,-0.843778,4.31626
806,0.5,-4.42767,1.87125,-3.79935
807,0.5,2.48741,0.823692,-2.95979
808,0.5,0.410969,3.58241,-0.542982
809,0.5,0.569652,3.4585,1.4115
810,0.5,4.49999,-2.22661,4.49998
811,0.5,-2.04755,-0.294627,-1.63544
812,0.5,2.6224,-4.15505,0.174316
813,0.5,-3.04085,2.96319,3.66006
814,0.5,-0.128875,4.1492,0.149485
815,0.5,-0.863758,2.29586,4.49987
816,0.5,-0.919158,1.02587,-3.91074
817,0.5,4.49895,-1.93048,-2.46002
818,0.5,-4.41406,-4.43211,0.275851
819,0.5,2.19092,-1.49602,-0.239585
820,0.5,-4.5,1.92421,3.41267
821,0.5,-1.34279,2.76373,-0.470026
822,0.5,-1.12804,3.47099,4.01429
823,0.5,1.07938,4.5,-4.26969
824,0.5,3.63414,1.70801,-2.59475
825,0.5,0.989942,1.83878,2.95281
826,0.5,0.395702,-0.44055,-3.63667
827,0.5,1.65718,-3.62705,1.77322
828,0.5,2.52947,0.892881,-0.490849
829,0.5,-3.55149,3.40958,2.92296
830,0.5,1.96875,2.4802,-2.08068
831,0.5,-3.91215,0.848086,-2.32982
832,0.5,0.142116,3.46067,2.81613
833,0.5,-0.645851,2.40805,1.28982
834,0.5,-2.76228,-1.08311,2.8136
835,0.5,2.8291,4.5,1.56716
836,0.5,-3.14334,2.79241,0.789462
837,0.5,4.43038,4.47199,0.580302
838,0.5,-2.88863,-3.1753,-2.53458
839,0.5,3.34662,-1.85878,1.06868
840,0.5,3.51727,2.94383,3.49821
841,0.5,1.95367,0.346193,0.656629
842,0.5,3.37859,-0.979808,-4.02181
843,0.5,-0.194919,-0.191293,3.57689
844,0.5,-3.6182,1.00954,-3.93363
845,0.5,3.59873,-3.041,-1.22304
846,0.5,-4.48502,-4.49749,2.99485
847,0.5,-3.46728,0.412533,-1.54638
848,0.5,-0.146022,-1.87543,-4.49998
849,0.5,1.25039,3.46102,4.5
850,0.5,1.39753,-4.4984,0.0887757
851,0.5,3.18766,-4.49999,4.49999
852,0.5,-1.36533,-0.239982,-3.70968
853,0.5,4.03139,-1.3576,2.58257
854,0.5,-3.65699,4.49995,1.85161
855,0.5,-1.82244,1.26935,-4.44328
856,0.5,4.49999,-4.482,-0.246481
857,0.5,1.72277,-2.5861,4.30491
858,0.5,1.55946,3.23993,-2.58755
859,0.5,1.99212,-0.835057,-0.963234
860,0.5,-2.20853,4.49641,2.28248
861,0.5,-0.585757,1.27982,4.49993
862,0.5,-0.451496,-0.0257393,2.00453
863,0.5,-3.03894,-1.94146,1.26513
864,0.5,4.49995,-2.68428,0.282708
865,0.5,-3.78165,-2.29647,-3.81443
866,0.5,1.31364,0.0686838,3.04857
867,0.5,0.609737,1.02029,1.32123
868,0.5,1.43163,-2.46431,0.365458
869,0.5,2.08668,-0.231532,3.60775
870,0.5,3.8229,-2.6391,-2.12721
871,0.5,1.75615,-0.93853,-1.92948
872,0.5,-3.76497,-0.67364,3.61034
873,0.5,0.483365,-1.46819,-3.53375
874,0.5,1.47713,-0.434822,2.20015
875,0.5,-4.49695,-3.01245,2.01716
876,0.5,-2.50007,1.01554,-3.64357
877,0.5,-3.80358,3.79136,1.16035
878,0.5,4.49997,3.12757,-3.09309
879,0.5,-1.61863,-3.21127,3.17463
880,0.5,4.5,-1.84218,3.57555
881,0.5,1.44277,1.19181,-2.48522
882,0.5,-3.76968,3.03245,-2.41965
883,0.5,-3.66216,-2.52112,2.78273
884,0.5,-1.74505,2.69011,2.44996
885,0.5,3.80143,2.44664,-1.43669
886,0.5,-4.49807,1.41817,1.40985
887,0.5,-3.64626,-3.11693,3.63272
888,0.5,2.08517,-4.36446,-0.654752
889,0.5,-2.94051,-0.111574,2.97
890,0.5,3.62775,1.99794,2.01006
891,0.5,1.29165,-0.905932,-3.71432
892,0.5,-1.10464,4.06579,-4.5
893,0.5,-0.385772,-1.16965,3.49695
894,0.5,-4.49999,-4.01041,2.08114
895,0.5,-3.9644,-3.5382,2.78149
896,0.5,2.00308,-4.49849,3.78734
897,0.5,-0.981358,-0.661303,1.40729
898,0.5,2.98706,0.012937,-0.352271
899,0.5,3.52396,2.99,-2.91598
900,0.5,4.49999,-4.09473,-1.16906
901,0.5,1.18968,1.71269,0.877833
902,0.5,-3.79031,-0.603818,-0.0710122
903,0.5,-3.96231,-0.446855,-4.49999
904,0.5,2.86608,-0.973597,4.46971
905,0.5,-3.6739,3.4727,-0.144007
906,0.5,-0.33389,0.238703,-3.71617
907,0.5,-0.757163,-2.66707,-4.49999
908,0.5,-1.91632,-4.49999,2.75293
909,0.5,-1.20519,-0.55721,-2.1076
910,0.5,-4.49949,2.85467,-3.53364
911,0.5,2.22928,3.7737,2.68277
912,0.5,-0.326334,-0.129113,-1.89482
913,0.5,1.10355,4.48598,4.49984
914,0.5,-4.49999,-1.10238,2.33363
915,0.5,1.60324,1.87485,4.5
916,0.5,1.37142,0.876054,2.45915
917,0.5,-3.35907,-3.07773,-4.29303
918,0.5,-0.0796887,-3.50492,2.1494
919,0.5,-2.30714,1.23082,4.49856
920,0.5,-2.58394,2.54991,-4.49999
921,0.5,-3.9865,-2.66128,-0.269141
922,0.5,0.966228,-3.16173,-0.971707
923,0.5,-2.62838,4.13862,1.39226
924,0.5,1.14074,-1.34808,-2.78089
925,0.5,-3.91901,1.26305,-1.27622
926,0.5,3.63668,4.42771,-1.79545
927,0.5,0.28166,-1.95945,-0.687845
928,0.5,3.62973,-0.580923,1.26758
929,0.5,-2.00784,-2.21487,-0.269168
930,0.5,2.29199,3.40072,-1.84229
931,0.5,1.64531,0.472881,-0.286174
932,0.5,1.74256,1.11009,-4.5
933,0.5,2.05056,-4.40078,-4.49961
934,0.5,-3.73425,2.99064,-1.4203
935,0.5,-1.23909,2.50713,0.490914
936,0.5,2.58013,-2.66125,1.36842
937,0.5,3.25607,-2.1826,0.12638
938,0.5,-0.00471363,-2.53245,1.80993
939,0.5,2.3756,-0.498788,1.76575
940,0.5,3.50499,-4.5,-0.148206
941,0.5,1.25172,-1.15921,-0.306311
942,0.5,-3.5269,-3.85974,-2.88798
943,0.5,-1.53308,1.69498,-0.0179218
944,0.5,-2.83165,-2.71652,-0.533642
945,0.5,3.65728,-0.131275,-3.24729
946,0.5,-2.06133,-1.9715,-1.23804
947,0.5,1.67896,-1.25489,1.66442
948,0.5,-3.62809,-0.0921995,-2.51752
949,0.5,-2.67257,0.962279,2.07253
950,0.5,0.737537,-2.25666,-2.89011
951,0.5,0.78394,-2.21873,2.33901
952,0.5,2.40709,-1.9113,0.729788
953,0.5,-0.28213,-4.49996,-1.50907
954,0.5,-1.59851,1.87232,3.90178
955,0.5,-2.35385,-4.49998,1.61244
956,0.5,3.50686,4.49998,-0.806532
957,0.5,2.47395,2.95549,-4.49993
958,0.5,-1.33615,3.6401,1.00415
959,0.5,-2.85085,4.5,-2.24147
960,0.5,-4.20766,-0.391618,-1.38298
961,0.5,2.66473,3.57998,-3.73538
962,0.5,3.97036,-1.25902,0.564519
963,0.5,-4.4999,2.10306,2.22016
964,0.5,-0.395778,-4.49993,4.00809
965,0.5,4.49956,-4.21535,3.1896
966,0.5,-1.59835,2.26715,-2.80161
967,0.5,-3.71418,-1.48724,-4.46192
968,0.5,4.49999,1.56736,1.06116
969,0.5,1.32873,-0.916224,3.22278
970,0.5,2.851,-1.96048,3.75861
971,0.5,-3.63931,-4.49993,3.573
972,0.5,2.70558,-2.62763,4.49994
973,0.5,-2.19841,4.49794,-4.22116
974,0.5,3.93736,0.101567,3.56228
